mean_fit_time,std_fit_time,mean_score_time,std_score_time,param_classifier__colsample_bytree,param_classifier__learning_rate,param_classifier__max_depth,param_classifier__min_child_weight,param_classifier__n_estimators,param_classifier__reg_lambda,param_classifier__scale_pos_weight,param_classifier__subsample,params,split0_test_score,split1_test_score,split2_test_score,split3_test_score,split4_test_score,mean_test_score,std_test_score,rank_test_score
0.1470961093902588,0.008092230811044869,0.01648430824279785,0.0040216669765443785,0.8123620356542087,0.1785436060870726,4,8,100,0.18410729205738682,1.0,0.7299924747454009,"{'classifier__colsample_bytree': np.float64(0.8123620356542087), 'classifier__learning_rate': np.float64(0.1785436060870726), 'classifier__max_depth': 4, 'classifier__min_child_weight': 8, 'classifier__n_estimators': 100, 'classifier__reg_lambda': np.float64(0.18410729205738682), 'classifier__scale_pos_weight': 1.0, 'classifier__subsample': np.float64(0.7299924747454009)}",0.9584726867335562,0.9623503465658475,0.9572488003489894,0.9628835247927876,0.9662114343256241,0.961433358553361,0.0032264519898136906,18
0.3421622753143311,0.06576548819477164,0.016633987426757812,0.0010050125532812908,0.8377746675897602,0.04312594322370855,5,8,210,0.10838581269344748,2.768561872909699,0.9165996316800473,"{'classifier__colsample_bytree': np.float64(0.8377746675897602), 'classifier__learning_rate': np.float64(0.04312594322370855), 'classifier__max_depth': 5, 'classifier__min_child_weight': 8, 'classifier__n_estimators': 210, 'classifier__reg_lambda': np.float64(0.10838581269344748), 'classifier__scale_pos_weight': 2.768561872909699, 'classifier__subsample': np.float64(0.9165996316800473)}",0.9622008950931445,0.9623463073368556,0.9596198277672757,0.9642164703601376,0.9673478301310697,0.9631462661376966,0.0025599962946628338,9
0.41756453514099123,0.06122768153275584,0.020305633544921875,0.0028715316498857542,0.981565812704725,0.02003589566630942,5,5,240,0.32877474139911184,2.768561872909699,0.7021198915659151,"{'classifier__colsample_bytree': np.float64(0.981565812704725), 'classifier__learning_rate': np.float64(0.02003589566630942), 'classifier__max_depth': 5, 'classifier__min_child_weight': 5, 'classifier__n_estimators': 240, 'classifier__reg_lambda': np.float64(0.32877474139911184), 'classifier__scale_pos_weight': 2.768561872909699, 'classifier__subsample': np.float64(0.7021198915659151)}",0.9609487341056339,0.9602135944290954,0.9585777066873474,0.9627987009839563,0.9663004048157301,0.9617678282043526,0.002640847685486599,16
0.1513361930847168,0.012962651735794885,0.01665153503417969,0.003112432126443132,0.7069187275124247,0.06695833655111026,4,2,94,0.5954553793888989,1.0,0.8855158027999261,"{'classifier__colsample_bytree': np.float64(0.7069187275124247), 'classifier__learning_rate': np.float64(0.06695833655111026), 'classifier__max_depth': 4, 'classifier__min_child_weight': 2, 'classifier__n_estimators': 94, 'classifier__reg_lambda': np.float64(0.5954553793888989), 'classifier__scale_pos_weight': 1.0, 'classifier__subsample': np.float64(0.8855158027999261)}",0.9610214402274895,0.9630733685554101,0.9591270418302553,0.9643618826038485,0.9678371678266532,0.9630841802087312,0.0029711065943542146,10
0.13130388259887696,0.010525538878162545,0.01567540168762207,0.0018456891823092506,0.8147385973801488,0.19242472805818778,2,3,130,1.4316013583282223,1.0,0.7195154778955838,"{'classifier__colsample_bytree': np.float64(0.8147385973801488), 'classifier__learning_rate': np.float64(0.19242472805818778), 'classifier__max_depth': 2, 'classifier__min_child_weight': 3, 'classifier__n_estimators': 130, 'classifier__reg_lambda': np.float64(1.4316013583282223), 'classifier__scale_pos_weight': 1.0, 'classifier__subsample': np.float64(0.7195154778955838)}",0.9617000306981404,0.9646607855492544,0.9601570452232078,0.9656948281711987,0.9703647385683031,0.9645154856420209,0.003536905712205385,1
0.11817789077758789,0.0022552628125145366,0.01563854217529297,0.0023390408580522206,0.9846656611759999,0.184783006392545,3,2,88,0.10644522482871864,2.768561872909699,0.905269907953647,"{'classifier__colsample_bytree': np.float64(0.9846656611759999), 'classifier__learning_rate': np.float64(0.184783006392545), 'classifier__max_depth': 3, 'classifier__min_child_weight': 2, 'classifier__n_estimators': 88, 'classifier__reg_lambda': np.float64(0.10644522482871864), 'classifier__scale_pos_weight': 2.768561872909699, 'classifier__subsample': np.float64(0.905269907953647)}",0.9607225372820836,0.9628552501898436,0.9601853198261515,0.9611870486161602,0.9677765061288536,0.9625453324086184,0.0027639972447878604,14
0.14838800430297852,0.02756861764490715,0.02007780075073242,0.006414274501812697,0.8320457481218804,0.0264891626801987,2,8,114,3.5067764992972172,2.768561872909699,0.7546708263364187,"{'classifier__colsample_bytree': np.float64(0.8320457481218804), 'classifier__learning_rate': np.float64(0.0264891626801987), 'classifier__max_depth': 2, 'classifier__min_child_weight': 8, 'classifier__n_estimators': 114, 'classifier__reg_lambda': np.float64(3.5067764992972172), 'classifier__scale_pos_weight': 2.768561872909699, 'classifier__subsample': np.float64(0.7546708263364187)}",0.9531449436931478,0.9462338228878872,0.9459147237975215,0.9522300583264666,0.953773764220113,0.9502594625850271,0.0034537543307743444,30
0.12725248336791992,0.01833754443044858,0.01644868850708008,0.0031947513240625663,0.9266084230952957,0.05323360406829592,3,2,83,0.20609249413202357,1.0,0.9526854323784995,"{'classifier__colsample_bytree': np.float64(0.9266084230952957), 'classifier__learning_rate': np.float64(0.05323360406829592), 'classifier__max_depth': 3, 'classifier__min_child_weight': 2, 'classifier__n_estimators': 83, 'classifier__reg_lambda': np.float64(0.20609249413202357), 'classifier__scale_pos_weight': 1.0, 'classifier__subsample': np.float64(0.9526854323784995)}",0.9586948443281147,0.9569781720065274,0.9554876965084904,0.9597935146139304,0.9606386463544342,0.9583185747622995,0.001871379693183015,24
0.2657136917114258,0.01613351042321622,0.01626906394958496,0.0018092553289844337,0.8349262400109296,0.04967984494099453,5,6,174,3.683296438423418,2.768561872909699,0.8711331923216198,"{'classifier__colsample_bytree': np.float64(0.8349262400109296), 'classifier__learning_rate': np.float64(0.04967984494099453), 'classifier__max_depth': 5, 'classifier__min_child_weight': 6, 'classifier__n_estimators': 174, 'classifier__reg_lambda': np.float64(3.683296438423418), 'classifier__scale_pos_weight': 2.768561872909699, 'classifier__subsample': np.float64(0.8711331923216198)}",0.9615182653935016,0.9616636776372127,0.9592199440970707,0.9637358021100932,0.9678493001662131,0.9627973978808184,0.002902481568741419,11
0.15249180793762207,0.013739614638251251,0.02076559066772461,0.008399029483535814,0.856250278007747,0.18289507881740552,2,8,161,0.8258872175835609,2.768561872909699,0.8070259980080767,"{'classifier__colsample_bytree': np.float64(0.856250278007747), 'classifier__learning_rate': np.float64(0.18289507881740552), 'classifier__max_depth': 2, 'classifier__min_child_weight': 8, 'classifier__n_estimators': 161, 'classifier__reg_lambda': np.float64(0.8258872175835609), 'classifier__scale_pos_weight': 2.768561872909699, 'classifier__subsample': np.float64(0.8070259980080767)}",0.9624997980385505,0.9642003134441698,0.9609850871665617,0.9636025075533583,0.9696853275529477,0.9641946067511176,0.002955402560932216,2
0.10437908172607421,0.00190559659955896,0.014719724655151367,0.0015387058767861149,0.7842803529062142,0.06977921490278444,2,5,94,0.19089017327597843,1.0,0.9960660809801551,"{'classifier__colsample_bytree': np.float64(0.7842803529062142), 'classifier__learning_rate': np.float64(0.06977921490278444), 'classifier__max_depth': 2, 'classifier__min_child_weight': 5, 'classifier__n_estimators': 94, 'classifier__reg_lambda': np.float64(0.19089017327597843), 'classifier__scale_pos_weight': 1.0, 'classifier__subsample': np.float64(0.9960660809801551)}",0.9596157885382838,0.9587473543050102,0.9568408382208005,0.9611951270741442,0.9638739369037461,0.960054609008397,0.0023714066698992745,21
0.3501753330230713,0.07017743332633211,0.016734504699707033,0.0011397212850015948,0.9316734307889971,0.031604263728207765,5,7,218,0.21768438646231678,2.768561872909699,0.9187021504122961,"{'classifier__colsample_bytree': np.float64(0.9316734307889971), 'classifier__learning_rate': np.float64(0.031604263728207765), 'classifier__max_depth': 5, 'classifier__min_child_weight': 7, 'classifier__n_estimators': 218, 'classifier__reg_lambda': np.float64(0.21768438646231678), 'classifier__scale_pos_weight': 2.768561872909699, 'classifier__subsample': np.float64(0.9187021504122961)}",0.9619383452086666,0.9612112839901119,0.9593774740277575,0.9639660381626355,0.9664298164377025,0.9625845915653748,0.0024200561964457076,13
0.19684767723083496,0.024666938753152193,0.01760444641113281,0.003505812363570665,0.9313811040057837,0.023717813371150528,4,2,120,3.584999041803884,1.0,0.8869894380482674,"{'classifier__colsample_bytree': np.float64(0.9313811040057837), 'classifier__learning_rate': np.float64(0.023717813371150528), 'classifier__max_depth': 4, 'classifier__min_child_weight': 2, 'classifier__n_estimators': 120, 'classifier__reg_lambda': np.float64(3.584999041803884), 'classifier__scale_pos_weight': 1.0, 'classifier__subsample': np.float64(0.8869894380482674)}",0.9569014266556799,0.9539204756596061,0.952579451634272,0.957438644111612,0.9585195310446348,0.955871905821161,0.002243784106888947,27
0.1908193588256836,0.023734948033869673,0.02036252021789551,0.011047946491541883,0.7992694074557947,0.02315199105334554,4,6,116,1.7361170890393298,2.768561872909699,0.7824165378970191,"{'classifier__colsample_bytree': np.float64(0.7992694074557947), 'classifier__learning_rate': np.float64(0.02315199105334554), 'classifier__max_depth': 4, 'classifier__min_child_weight': 6, 'classifier__n_estimators': 116, 'classifier__reg_lambda': np.float64(1.7361170890393298), 'classifier__scale_pos_weight': 2.768561872909699, 'classifier__subsample': np.float64(0.7824165378970191)}",0.9569297012586238,0.9535165527604091,0.9514201929135766,0.9576729193931461,0.9596357062841475,0.9558350145219805,0.002962681421001584,28
0.2810043811798096,0.025235858236901648,0.018351030349731446,0.005533684811876097,0.8683730277543102,0.04830108320776554,4,6,210,1.9613313824155447,2.768561872909699,0.7707954759246867,"{'classifier__colsample_bytree': np.float64(0.8683730277543102), 'classifier__learning_rate': np.float64(0.04830108320776554), 'classifier__max_depth': 4, 'classifier__min_child_weight': 6, 'classifier__n_estimators': 210, 'classifier__reg_lambda': np.float64(1.9613313824155447), 'classifier__scale_pos_weight': 2.768561872909699, 'classifier__subsample': np.float64(0.7707954759246867)}",0.9627057987171408,0.9634368991646876,0.9605811642673646,0.9642164703601377,0.9685691523134349,0.9639018969645532,0.0026289301447697112,7
0.22372164726257324,0.015027667403492284,0.019249439239501953,0.005020296643712407,0.7768204968283972,0.021951468823739623,4,7,169,0.11045524260304719,1.0,0.7605157607006188,"{'classifier__colsample_bytree': np.float64(0.7768204968283972), 'classifier__learning_rate': np.float64(0.021951468823739623), 'classifier__max_depth': 4, 'classifier__min_child_weight': 7, 'classifier__n_estimators': 169, 'classifier__reg_lambda': np.float64(0.11045524260304719), 'classifier__scale_pos_weight': 1.0, 'classifier__subsample': np.float64(0.7605157607006188)}",0.9598056323009065,0.959595592393324,0.9576567624771783,0.9620474043914498,0.96378496641364,0.9605780715952997,0.002123162172383266,20
0.18491005897521973,0.011989919324353527,0.017908573150634766,0.0023006608583987192,0.9687290787020557,0.05975857308459693,2,8,211,3.482797436617688,1.0,0.8813252137833452,"{'classifier__colsample_bytree': np.float64(0.9687290787020557), 'classifier__learning_rate': np.float64(0.05975857308459693), 'classifier__max_depth': 2, 'classifier__min_child_weight': 8, 'classifier__n_estimators': 211, 'classifier__reg_lambda': np.float64(3.482797436617688), 'classifier__scale_pos_weight': 1.0, 'classifier__subsample': np.float64(0.8813252137833452)}",0.9630935647003701,0.9635176837445268,0.960948734105634,0.9645719225114311,0.9687430491804603,0.9641749908484846,0.0025704077257474203,3
0.15953264236450196,0.02263420521415124,0.014625835418701171,0.0007248515086230141,0.8619523273905019,0.03192208284832813,2,8,150,0.3106554858581908,2.768561872909699,0.9641403517045772,"{'classifier__colsample_bytree': np.float64(0.8619523273905019), 'classifier__learning_rate': np.float64(0.03192208284832813), 'classifier__max_depth': 2, 'classifier__min_child_weight': 8, 'classifier__n_estimators': 150, 'classifier__reg_lambda': np.float64(0.3106554858581908), 'classifier__scale_pos_weight': 2.768561872909699, 'classifier__subsample': np.float64(0.9641403517045772)}",0.9578264100948412,0.9530076099074208,0.9526561969851195,0.9573618987607646,0.9605132788456483,0.9562730789187588,0.0030107402610263,26
0.11729269027709961,0.002478870973810321,0.013931560516357421,0.00021188844901476257,0.8873062144401379,0.03950605659021221,2,6,107,2.31960882292936,2.768561872909699,0.8249529843611099,"{'classifier__colsample_bytree': np.float64(0.8873062144401379), 'classifier__learning_rate': np.float64(0.03950605659021221), 'classifier__max_depth': 2, 'classifier__min_child_weight': 6, 'classifier__n_estimators': 107, 'classifier__reg_lambda': np.float64(2.31960882292936), 'classifier__scale_pos_weight': 2.768561872909699, 'classifier__subsample': np.float64(0.8249529843611099)}",0.9572003296010858,0.952183607193059,0.9515858013022475,0.9561178162312378,0.9598217354907329,0.9553818579636726,0.003104829795381707,29
0.27356390953063964,0.015440242739300784,0.01795535087585449,0.001865866501677283,0.9649840776756604,0.04220607989086146,4,4,208,0.24392426447067803,2.768561872909699,0.7001561130985947,"{'classifier__colsample_bytree': np.float64(0.9649840776756604), 'classifier__learning_rate': np.float64(0.04220607989086146), 'classifier__max_depth': 4, 'classifier__min_child_weight': 4, 'classifier__n_estimators': 208, 'classifier__reg_lambda': np.float64(0.24392426447067803), 'classifier__scale_pos_weight': 2.768561872909699, 'classifier__subsample': np.float64(0.7001561130985947)}",0.9619868159565703,0.9626330925952854,0.9603186143828868,0.964030665826507,0.9672507714145905,0.9632439920351681,0.0023317230056787742,8
0.2281343460083008,0.02036924930180168,0.01885566711425781,0.0027938600463717498,0.8057706569002506,0.040347000512532656,3,8,234,0.5118807219845012,1.0,0.9077308098670811,"{'classifier__colsample_bytree': np.float64(0.8057706569002506), 'classifier__learning_rate': np.float64(0.040347000512532656), 'classifier__max_depth': 3, 'classifier__min_child_weight': 8, 'classifier__n_estimators': 234, 'classifier__reg_lambda': np.float64(0.5118807219845012), 'classifier__scale_pos_weight': 1.0, 'classifier__subsample': np.float64(0.9077308098670811)}",0.9624715234356067,0.9629885447465787,0.9608598710678106,0.9645719225114311,0.9687430491804605,0.9639269821883776,0.002683901821290199,6
0.29590134620666503,0.024576489509691882,0.022653913497924803,0.007691889721673827,0.7808237001395564,0.03508774983136662,4,6,239,0.7610438922351126,1.0,0.8211508513174122,"{'classifier__colsample_bytree': np.float64(0.7808237001395564), 'classifier__learning_rate': np.float64(0.03508774983136662), 'classifier__max_depth': 4, 'classifier__min_child_weight': 6, 'classifier__n_estimators': 239, 'classifier__reg_lambda': np.float64(0.7610438922351126), 'classifier__scale_pos_weight': 1.0, 'classifier__subsample': np.float64(0.8211508513174122)}",0.9622453266120563,0.9638004297739647,0.9614253631266864,0.9644628633286478,0.9685974611057415,0.9641062887894194,0.002491660753350489,4
0.23595190048217773,0.025357013756148468,0.014985132217407226,0.00019805880099836492,0.7194676741326944,0.035887682133595875,5,6,118,0.6995363653959079,1.0,0.74442607898602,"{'classifier__colsample_bytree': np.float64(0.7194676741326944), 'classifier__learning_rate': np.float64(0.035887682133595875), 'classifier__max_depth': 5, 'classifier__min_child_weight': 6, 'classifier__n_estimators': 118, 'classifier__reg_lambda': np.float64(0.6995363653959079), 'classifier__scale_pos_weight': 1.0, 'classifier__subsample': np.float64(0.74442607898602)}",0.9600116329794969,0.960956812563618,0.9598137107588903,0.9638448612928765,0.9671132715662447,0.9623480578322253,0.0027844224574836156,15
0.15400381088256837,0.0037579783580525454,0.016311073303222658,0.0019381768259751628,0.9993221455146826,0.03696672782547525,3,2,133,0.11380260511086149,2.768561872909699,0.9724797657899961,"{'classifier__colsample_bytree': np.float64(0.9993221455146826), 'classifier__learning_rate': np.float64(0.03696672782547525), 'classifier__max_depth': 3, 'classifier__min_child_weight': 2, 'classifier__n_estimators': 133, 'classifier__reg_lambda': np.float64(0.11380260511086149), 'classifier__scale_pos_weight': 2.768561872909699, 'classifier__subsample': np.float64(0.9724797657899961)}",0.9600924175593362,0.9557785209959122,0.9551039697542534,0.9597652400109866,0.9628790850598327,0.9587238466760641,0.0028983424455272626,22
0.36076602935791013,0.04750072037078171,0.019407272338867188,0.00222826591272966,0.7718685672000917,0.027920607774433746,5,2,239,0.8696585557659244,1.0,0.9016406642217635,"{'classifier__colsample_bytree': np.float64(0.7718685672000917), 'classifier__learning_rate': np.float64(0.027920607774433746), 'classifier__max_depth': 5, 'classifier__min_child_weight': 2, 'classifier__n_estimators': 239, 'classifier__reg_lambda': np.float64(0.8696585557659244), 'classifier__scale_pos_weight': 1.0, 'classifier__subsample': np.float64(0.9016406642217635)}",0.9611587740132163,0.9613284216308791,0.9598258284458662,0.9637479197970691,0.9676309180541346,0.962738372388233,0.002753985963811592,12
0.18727502822875977,0.020030048143242843,0.018325662612915038,0.003195704877548338,0.9284858845986153,0.0345674656263015,4,6,103,0.6295448433523511,2.768561872909699,0.8900589132282684,"{'classifier__colsample_bytree': np.float64(0.9284858845986153), 'classifier__learning_rate': np.float64(0.0345674656263015), 'classifier__max_depth': 4, 'classifier__min_child_weight': 6, 'classifier__n_estimators': 103, 'classifier__reg_lambda': np.float64(0.6295448433523511), 'classifier__scale_pos_weight': 2.768561872909699, 'classifier__subsample': np.float64(0.8900589132282684)}",0.9594905724395327,0.9565257783594268,0.9544213400546104,0.9600883783303443,0.9623007768741434,0.9585653692116114,0.0027735081284319986,23
0.20116138458251953,0.02532815034708428,0.016435956954956053,0.0035337652577580696,0.8607324052224274,0.024621798098106162,2,1,203,0.7301540154284311,2.768561872909699,0.7122325424664291,"{'classifier__colsample_bytree': np.float64(0.8607324052224274), 'classifier__learning_rate': np.float64(0.024621798098106162), 'classifier__max_depth': 2, 'classifier__min_child_weight': 1, 'classifier__n_estimators': 203, 'classifier__reg_lambda': np.float64(0.7301540154284311), 'classifier__scale_pos_weight': 2.768561872909699, 'classifier__subsample': np.float64(0.7122325424664291)}",0.9588160211978737,0.9547000468550564,0.953940671804566,0.9587958250529139,0.9621996740444771,0.9576904477909775,0.00302738215283749,25
0.2862387180328369,0.048547803491104186,0.02037777900695801,0.004787089941162961,0.8772678829564725,0.09519066427743611,4,2,226,0.39117676783942495,1.0,0.7523099287014974,"{'classifier__colsample_bytree': np.float64(0.8772678829564725), 'classifier__learning_rate': np.float64(0.09519066427743611), 'classifier__max_depth': 4, 'classifier__min_child_weight': 2, 'classifier__n_estimators': 226, 'classifier__reg_lambda': np.float64(0.39117676783942495), 'classifier__scale_pos_weight': 1.0, 'classifier__subsample': np.float64(0.7523099287014974)}",0.9585777066873474,0.963238976944081,0.9566267590842261,0.9629521916856512,0.9668463600959263,0.9616483988994464,0.0036302791033416323,17
0.2136439323425293,0.01474273850012725,0.015541839599609374,0.00030192074987627166,0.9072813214307397,0.048726513981669925,3,8,208,1.4059738430412236,1.0,0.7340420563721767,"{'classifier__colsample_bytree': np.float64(0.9072813214307397), 'classifier__learning_rate': np.float64(0.048726513981669925), 'classifier__max_depth': 3, 'classifier__min_child_weight': 8, 'classifier__n_estimators': 208, 'classifier__reg_lambda': np.float64(1.4059738430412236), 'classifier__scale_pos_weight': 1.0, 'classifier__subsample': np.float64(0.7340420563721767)}",0.9618292860258834,0.962948152456659,0.96067406653418,0.9650000807845798,0.9700250330606254,0.9640953237723855,0.0032904701086721596,5
0.30971612930297854,0.04650523279927483,0.025032520294189453,0.01205563154958901,0.9774080854835687,0.15078889166264567,4,7,223,2.445884838854264,1.0,0.8549907673813042,"{'classifier__colsample_bytree': np.float64(0.9774080854835687), 'classifier__learning_rate': np.float64(0.15078889166264567), 'classifier__max_depth': 4, 'classifier__min_child_weight': 7, 'classifier__n_estimators': 223, 'classifier__reg_lambda': np.float64(2.445884838854264), 'classifier__scale_pos_weight': 1.0, 'classifier__subsample': np.float64(0.8549907673813042)}",0.9577819785759294,0.9601126137042961,0.9584565298175883,0.961611167660317,0.9651114355388577,0.9606147450593976,0.0026133380242634014,19
